wkt_geom,MARKID,MARKTYPE1,MARKTYPE2,MARKNAME1,MARKNAME2,異動日期_西元年月,ADDRESS,TEL,坐標系統
Point (235065.03000000026077032 2634933.01700000092387199),M0000000474,9960101,,臺鐵水里車站,臺鐵水里站,202003,南投縣水里鄉民生路442號,049-2770015,TM2
Point (228086.17100000008940697 2635820.375),M0000000494,9960101,,臺鐵集集車站,臺鐵集集站,202003,南投縣集集鎮民生路75號,049-2762546,TM2
Point (236316.34200000017881393 2636485.03399999998509884),M0000000547,9960101,,臺鐵車埕車站,臺鐵車埕站,201810,南投縣水里鄉車埕村民權巷2號,049-2774749,TM2
Point (231619.54729999974370003 2601578.37570000067353249),M0000005225,9960101,,阿里山林業鐵路對高岳車站,阿里山林鐵對高岳車站,202210,,,TM2
Point (219917.02099999971687794 2636740.00599999912083149),M0000000573,9960101,,臺鐵濁水車站,臺鐵濁水站,202003,南投縣名間鄉濁水村車站路15號,049-2735850,TM2
Point (224543.86880000028759241 2636799.90269999951124191),M0000002531,9960101,,臺鐵龍泉車站,臺鐵龍泉站,202212,南投縣集集鎮隘寮村(無站房),04-8792027,TM2
Point (319988.66199999954551458 2774590.27999999932944775),C0000000231,9960101,,臺鐵百福車站,臺鐵百福站,202001,基隆市七堵區明德三路1之1號,02-24528372,TM2
Point (322051.9469999996945262 2776285.678999999538064),C0000000960,9960101,,臺鐵七堵車站,臺鐵七堵站,201311,基隆市七堵區長興里東新街2號之1,02-24553426,TM2
Point (324699.76599999982863665 2777298.52099999971687794),C0000000596,9960101,,臺鐵暖暖車站,臺鐵暖暖站,202201,基隆市暖暖區暖暖街51號,02-24972033,TM2
Point (323509.76099999994039536 2777976.18099999986588955),C0000000129,9960101,,臺鐵八堵車站,臺鐵八堵站,201311,基隆市暖暖區八南里八堵路142號,02-24560841,TM2
Point (324822.5669999998062849 2779632.99799999967217445),C0000001877,9960101,,臺鐵三坑車站,臺鐵三坑站,202001,基隆市仁愛區龍安街206號,02-24230289,TM2
Point (324464.74700000043958426 2780588.14420000091195107),C0000001680,9960101,,臺鐵基隆車站(南站),臺鐵基隆站(南站),202207,,,TM2
Point (324612.30640000011771917 2780836.2381999995559454),C0000002243,9960101,,臺鐵基隆車站(北站),臺鐵基隆站(北站),202207,基隆市仁愛區文昌里港西街5號,02-24263743,TM2
Point (330956.16399999987334013 2781007.60500000044703484),C0000001890,9960101,,臺鐵八斗子車站,臺鐵八斗子站,202201,基隆市中正區/新北市瑞芳區交界處(無站房),02-24972033,TM2
Point (330650.17599999997764826 2781255.26400000043213367),C0000001888,9960101,,臺鐵海科館車站,臺鐵海科館站,202201,基隆市中正區(無站房),02-24972033,TM2
Point (327967.61400000005960464 2692386.36500000022351742),G0000001662,9960101,,臺鐵漢本車站,臺鐵漢本站,201810,宜蘭縣南澳鄉澳花村蘇花路一段56號,03-9985238,TM2
Point (328659.63599999994039536 2704988.64900000020861626),G0000000021,9960101,,臺鐵武塔車站,臺鐵武塔站,202012,宜蘭縣南澳鄉武塔村新溪路18號,03-9981971,TM2
Point (331205.78100000042468309 2706574.18200000002980232),G0000000026,9960101,,臺鐵南澳車站,臺鐵南澳站,201810,宜蘭縣蘇澳鎮南強里大通路22號,03-9981971,TM2
Point (334173.79399999976158142 2712669.47100000083446503),G0000000084,9960101,,臺鐵東澳車站,臺鐵東澳站,201810,宜蘭縣南澳鄉東岳村1號,03-9986053,TM2
Point (335544.47800000011920929 2718232.59100000001490116),G0000000098,9960101,,臺鐵永樂車站,臺鐵永樂站,201409,宜蘭縣蘇澳鎮永樂里圳頭路60號,03-9961889,TM2
Point (336229.81199999991804361 2721201.27400000020861626),G0000000150,9960101,,臺鐵蘇澳車站,臺鐵蘇澳站,201810,宜蘭縣蘇澳鎮蘇南里太平路1號,03-9962028,TM2
Point (333768.17399999964982271 2722688.4140000008046627),G0000000219,9960101,,臺鐵蘇澳新車站,臺鐵蘇澳新站,201810,宜蘭縣蘇澳鎮聖愛里中山路二段238號,03-9961004,TM2
Point (333322.63300000037997961 2723428.15200000070035458),G0000000241,9960101,,臺鐵新馬車站,臺鐵新馬站,201806,宜蘭縣蘇澳鎮中山路二段322號,03-9961004,TM2
Point (330208.1380000002682209 2725746.61299999989569187),G0000000319,9960101,,臺鐵冬山車站,臺鐵冬山站,201810,宜蘭縣冬山鄉冬山村中正路1之2號,03-9594221,TM2
Point (328367.67100000008940697 2730321.91499999910593033),G0000000586,9960101,,臺鐵羅東車站,臺鐵羅東站,201810,宜蘭縣羅東鎮大新里公正路2號,03-9542117,TM2
Point (328449.64199999999254942 2732176.70099999941885471),G0000000735,9960101,,臺鐵中里車站,臺鐵中里站,202208,宜蘭縣五結鄉台興路10號,03-9542117,TM2
Point (328332.80099999997764826 2733356.96000000089406967),G0000000759,9960101,,臺鐵二結車站,臺鐵二結站,201810,宜蘭縣五結鄉五結中路三段658巷8號,03-9650304,TM2
Point (326666.8619999997317791 2738812.06599999964237213),G0000001043,9960101,,臺鐵宜蘭車站,臺鐵宜蘭站,201810,宜蘭縣宜蘭市和睦里光復路1號,03-9323801,TM2
Point (327121.20000000018626451 2742381.15699999965727329),G0000001245,9960101,,臺鐵四城車站,臺鐵四城站,201806,宜蘭縣礁溪鄉吳沙村站前路24號,03-9282449,TM2
Point (328368.92999999970197678 2746839.99699999950826168),G0000001335,9960101,,臺鐵礁溪車站,臺鐵礁溪站,201810,宜蘭縣礁溪鄉德陽村溫泉路1號,03-9886940,TM2
Point (331775.53799999970942736 2748731.19700000062584877),G0000001464,9960101,,臺鐵頂埔車站,臺鐵頂埔站,201810,宜蘭縣頭城鎮下埔里下埔路4之8號,03-9886940,TM2
Point (333116.071000000461936 2750398.34100000001490116),G0000001505,9960101,,臺鐵頭城車站,臺鐵頭城站,201806,宜蘭縣頭城鎮城北里纘祥路59號,03-9771429,TM2
Point (335467.26499999966472387 2753181.62900000065565109),G0000001555,9960101,,臺鐵外澳車站,臺鐵外澳站,201810,宜蘭縣頭城鎮外澳里濱海路二段217號,03-9771429,TM2
Point (337774.15099999960511923 2755521.00799999944865704),G0000001564,9960101,,臺鐵龜山車站,臺鐵龜山站,201810,宜蘭縣頭城鎮更新里濱海路三段261號,03-9770351,TM2
Point (339865.51499999966472387 2759246.1830000001937151),G0000001579,9960101,,臺鐵大溪車站,臺鐵大溪站,201810,宜蘭縣頭城鎮大溪里濱海路五段63號,03-9771429,TM2
Point (343146.79999999981373549 2762409.59100000001490116),G0000001597,9960101,,臺鐵大里車站,臺鐵大里站,201409,宜蘭縣頭城鎮大里里濱海路六段326號,03-9781171,TM2
Point (345414.17499999981373549 2763708.02400000020861626),G0000003890,9960101,,臺鐵石城車站,臺鐵石城站,202402,宜蘭縣頭城鎮濱海路七段230號,03-9771429,TM2
Point (213523.66009999997913837 2632747.45509999990463257),N0000001514,9960101,,臺鐵源泉車站(集集線),臺鐵源泉站(集集線),201810,彰化縣二水鄉合興村英義路(無站房),04-8792027,TM2
Point (211087.26040000002831221 2634389.57650000043213367),N0000001515,9960101,,臺鐵二水車站,臺鐵二水站,202003,彰化縣二水鄉光文路1號,04-8792027,TM2
Point (208372.27560000028461218 2639388.24719999916851521),N0000001954,9960101,,臺鐵田中車站,臺鐵田中站,201811,彰化縣田中鎮中州路一段1號,04-8742142,TM2
Point (207310.89169999957084656 2643537.36989999935030937),N0000000986,9960101,,臺鐵社頭車站,臺鐵社頭站,202210,彰化縣社頭鄉廣興村社站路10號,04-8711646,TM2
Point (206400.87770000007003546 2647115.32349999994039536),N0000001065,9960101,,臺鐵永靖車站,臺鐵永靖站,201811,彰化縣永靖鄉崙子村永崙路25號,04-8320544,TM2
Point (206211.39030000008642673 2650589.53500000014901161),N0000004199,9960101,,臺鐵員林車站,臺鐵員林站,201811,彰化縣員林市民權街55號,04-8320544,TM2
Point (205296.42709999997168779 2653991.60610000044107437),N0000002675,9960101,,臺鐵大村車站,臺鐵大村站,201811,彰化縣大村鄉過溝村福進路100號,04-8525148,TM2
Point (202942.43439999967813492 2657870.49129999987781048),N0000001724,9960101,,臺鐵花壇車站,臺鐵花壇站,201810,彰化縣花壇鄉中正路370號,04-7881418,TM2
Point (203072.06639999989420176 2664138.00980000011622906),N0000006564,9960101,,臺鐵彰化車站,臺鐵彰化站,202101,彰化縣彰化市三民路1號,04-7274218,TM2
Point (285866.17499999981373549 2760788.20500000007450581),F0000015375,9960101,,臺鐵鶯歌車站,臺鐵鶯歌站,202201,新北市鶯歌區東鶯里文化路68之1號,02-26792004,TM2
Point (283983.71750000026077032 2762789.15029999986290932),F0000019357,9960101,,臺鐵鳳鳴臨時車站,臺鐵鳳鳴臨時站,202408,,,TM2
Point (289636.25999999977648258 2762808.98000000044703484),F0000013874,9960101,9940301,臺鐵山佳車站,臺鐵山佳站,202401,新北市樹林區中山里中山路三段108號,02-26808874,TM2
Point (291274.99199999962002039 2763681.38399999961256981),F0000008689,9960101,,臺鐵南樹林車站,臺鐵南樹林站,202201,新北市樹林區中山里中山路二段230號,02-23815226分機4403、02-26812052,TM2
Point (292880.72499999962747097 2764879.36999999918043613),F0000015681,9960101,,臺鐵樹林車站,臺鐵樹林站,202201,新北市樹林區樹北里鎮前街112號,02-26812052,TM2
Point (294882.67599999997764826 2766317.66999999992549419),F0000007486,9960101,,臺鐵浮洲車站,臺鐵浮洲站,201904,新北市板橋區僑中二街156號,02-23815226#4665,TM2
Point (296853.96300000045448542 2767433.76700000092387199),F0000013910,9960101,,臺鐵板橋車站,臺鐵板橋站,201911,新北市板橋區縣民大道二段7號,02-89691036,TM2
Point (345347.83999999985098839 2767872.35199999995529652),F0000004536,9960101,,臺鐵福隆車站,臺鐵福隆站,202201,新北市貢寮區福隆里福隆街2號,02-24991800,TM2
Point (341712.15699999965727329 2768522.82499999925494194),F0000004551,9960101,,臺鐵貢寮車站,臺鐵貢寮站,202201,新北市貢寮區貢寮里朝陽街33號,02-24941500,TM2
Point (323050.88300000037997961 2768640.14599999971687794),F0000015187,9960101,,臺鐵菁桐車站,臺鐵菁桐站,202001,新北市平溪區菁桐街52號,02-24972033,TM2
Point (324683.12999999988824129 2768813.48100000061094761),F0000007321,9960101,,臺鐵平溪車站,臺鐵平溪站,201904,新北市平溪區中華街12號,02-24972033,TM2
Point (325485.58899999968707561 2769325.69500000029802322),F0000015162,9960101,,臺鐵嶺腳車站,臺鐵嶺腳站,202001,新北市平溪區嶺腳街22號,02-24972033,TM2
Point (327078.54999999981373549 2769824.83999999985098839),F0000015132,9960101,,臺鐵望古車站,臺鐵望古站,202001,新北市平溪區(無站房),02-24972033,TM2
Point (337442.20199999958276749 2770331.52099999971687794),F0000004573,9960101,,臺鐵雙溪車站,臺鐵雙溪站,202201,新北市雙溪區新基里朝陽街1號,02-24932980,TM2
Point (328207.39300000015646219 2770543.35199999995529652),F0000007326,9960101,,臺鐵十分車站,臺鐵十分站,202201,新北市平溪區十分街51號,02-24958307,TM2
Point (330478.13700000010430813 2771532.79700000025331974),F0000009196,9960101,,臺鐵大華車站,臺鐵大華站,202001,新北市平溪區六分路12之1號,02-24972033,TM2
Point (335962.46300000045448542 2772550.09300000034272671),F0000009199,9960101,,臺鐵牡丹車站,臺鐵牡丹站,202201,新北市雙溪區牡丹里16鄰牡丹路159號,02-24932980,TM2
Point (315244.43699999991804361 2772864.25599999912083149),F0000008937,9960101,,臺鐵汐科車站,臺鐵汐科站,202201,新北市汐止區大同路二段182號,02-23815226#8730,TM2
Point (332984.60900000017136335 2773287.80700000002980232),F0000015142,9960101,,臺鐵三貂嶺車站,臺鐵三貂嶺站,202001,新北市瑞芳區碩仁里魚寮路1號,02-24977896,TM2
Point (316789.11000000033527613 2773532.7109999991953373),F0000003616,9960101,,臺鐵汐止車站,臺鐵汐止站,201904,新北市汐止區信望里信義路1號,02-26415096,TM2
Point (317349.01200000010430813 2774570.83799999952316284),F0000003644,9960101,,臺鐵五堵車站,臺鐵五堵站,201904,新北市汐止區長安里長安路17號,02-86476200,TM2
Point (333470.59499999973922968 2775651.16799999959766865),F0000015149,9960101,,臺鐵猴硐車站,臺鐵猴硐站,202201,新北市瑞芳區光復里柴寮路70號,02-24977747,TM2
Point (326845.54899999964982271 2777379.04499999992549419),F0000007338,9960101,,臺鐵四腳亭車站,臺鐵四腳亭站,202201,新北市瑞芳區吉慶里中央路65號,02-24579346,TM2
Point (331296.95799999963492155 2778059.34799999929964542),F0000015154,9960101,,臺鐵瑞芳車站,臺鐵瑞芳站,202001,新北市瑞芳區龍潭里明燈路三段82號,02-24972033,TM2
Point (241293.90600000042468309 2739543.45299999974668026),O0000000052,9960101,9940301,臺鐵香山車站,臺鐵香山站,202201,新竹市香山區朝山里中華路五段347巷2弄27號,03-5237441,TM2
Point (242769.42999999970197678 2742218.89599999971687794),O0000001271,9960101,,臺鐵三姓橋車站,臺鐵三姓橋站,202201,新竹市香山區元培街32巷30號,03-5237441,TM2
Point (252225.36699999962002039 2742312.75999999977648258),O0000000286,9960101,,臺鐵新莊車站,臺鐵新莊站,202201,新竹市東區新莊里關東路310號,03-5237441,TM2
Point (247131.80900000035762787 2743794.321000000461936),O0000000601,9960101,9940301,臺鐵新竹車站,臺鐵新竹站,202201,新竹市東區榮光里中華路二段445號,03-5237441,TM2
Point (250351.16700000036507845 2744362.85600000061094761),O0000000805,9960101,,臺鐵千甲車站,臺鐵千甲站,201311,新竹市東區水源里千甲路142號,03-5237441,TM2
Point (248363.02400000020861626 2744579.94500000029802322),O0000000872,9960101,,臺鐵北新竹車站,臺鐵北新竹站,201311,新竹市東區中華路一段291之2號,03-5237441,TM2
Point (268467.99100000038743019 2733155.68500000052154064),J0000001195,9960101,,臺鐵內灣車站,臺鐵內灣站,202001,新竹縣橫山鄉中正路6號,03-5962042,TM2
Point (266937.7630000002682209 2734277.63900000043213367),J0000001200,9960101,,臺鐵富貴車站,臺鐵富貴站,202001,新竹縣橫山鄉(無站房),03-5962042,TM2
Point (265628.46499999985098839 2734402.2369999997317791),J0000001202,9960101,,臺鐵合興車站,臺鐵合興站,202112,新竹縣橫山鄉中山街一段17號,03-5962042,TM2
Point (261904.928999999538064 2734815.62099999934434891),J0000001210,9960101,,臺鐵橫山車站,臺鐵橫山站,202001,新竹縣橫山鄉橫山村橫山路97號(無站房),03-5962042,TM2
Point (263782.74799999967217445 2734841.3619999997317791),J0000001211,9960101,,臺鐵九讚頭車站,臺鐵九讚頭站,202001,新竹縣橫山鄉中豐路二段286巷29號,03-5962042,TM2
Point (259578.76400000043213367 2736785.48200000077486038),J0000016078,9960101,,臺鐵竹東車站,臺鐵竹東站,202112,新竹縣竹東鎮雞林里東林路196號,03-5962042,TM2
Point (258420.7369999997317791 2737907.17799999937415123),J0000016092,9960101,,臺鐵榮華車站,臺鐵榮華站,202112,新竹縣竹東鎮仁愛里北興路(無站房),03-5962042,TM2
Point (255641.45100000035017729 2741164.01899999938905239),J0000016118,9960101,,臺鐵上員車站,臺鐵上員站,202112,新竹縣竹東鎮上員里光明路(無站房),03-5962042,TM2
Point (253173.05599999986588955 2741596.76899999938905239),J0000016129,9960101,,臺鐵竹中車站,臺鐵竹中站,202112,新竹縣竹東鎮頭重里竹中路145號,03-5962042,TM2
Point (253976.13599999994039536 2744464.30499999970197678),J0000002080,9960101,,臺鐵六家車站,臺鐵六家站,202112,新竹縣竹北市復興三路二段229號,03-5962042,TM2
Point (250956.39099999982863665 2747958.03399999998509884),J0000000591,9960101,,臺鐵竹北車站,臺鐵竹北站,202112,新竹縣竹北市福德里和平街59號,03-5552024,TM2
Point (249685.23900000005960464 2751356.51799999922513962),J0000015789,9960101,,臺鐵新豐車站,臺鐵新豐站,202112,新竹縣新豐鄉員山村新興路202號,03-5596314,TM2
Point (254448.34999999962747097 2755022.89800000004470348),J0000000993,9960101,,臺鐵湖口車站,臺鐵湖口站,202112,新竹縣湖口鄉仁勢村中山路二段121號,03-5992192,TM2
Point (255648.87700000032782555 2757155.26700000092387199),J0000004481,9960101,,臺鐵北湖車站,臺鐵北湖站,201907,新竹縣湖口鄉東興村北湖路1號,03-5993850,TM2
Point (264767.62000000011175871 2756261.98299999907612801),H0000000903,9960101,,臺鐵楊梅車站,臺鐵楊梅站,201311,桃園市楊梅區楊梅里大成路256號,03-4782893,TM2
Point (268554.86500000022351742 2756871.78600000031292439),H0000000970,9960101,,臺鐵埔心車站,臺鐵埔心站,201311,桃園市楊梅區埔心里永美路208號,03-4827100,TM2
Point (256847.63900000043213367 2758158.20700000040233135),H0000009094,9960101,,臺鐵新富車站,臺鐵新富站,202112,桃園市楊梅區富豐里富全街1號,03-4723754,TM2
Point (258391.27599999960511923 2758512.31000000052154064),H0000001189,9960101,,臺鐵富岡車站,臺鐵富岡站,202112,桃園市楊梅區富岡里成功路37號,03-4723754,TM2
Point (272737.21800000034272671 2760569.00100000016391277),H0000008975,9960101,,臺鐵中壢車站(後站),臺鐵中壢站(後站),202112,桃園市中壢區東興里新興路99號,03-4223235,TM2
Point (272715.63850000035017729 2760628.83999999985098839),H0000011889,9960101,,臺鐵中壢臨時車站(前站),臺鐵中壢臨時站(前站),202401,,,TM2
Point (272793.37000000011175871 2760672.36999999918043613),H0000009442,9960101,,臺鐵中壢車站(前站)(興建中),臺鐵中壢站(前站)(興建中),202401,桃園市中壢區石頭里中和路139號,03-4223235,TM2
Point (276076.99700000043958426 2762786.82699999958276749),H0000002406,9960101,,臺鐵內壢車站,臺鐵內壢站,201311,桃園市中壢區中原里中華路一段267號,03-4559725,TM2
Point (281744.14099999982863665 2764572.8880000002682209),H0000008957,9960101,,臺鐵桃園車站,臺鐵桃園站,202008,桃園市桃園區武陵里中正路1號,03-3767050,TM2
Point (300474.47099999990314245 2769563.125),A0000013083,9960101,,臺鐵萬華車站,臺鐵萬華站,202202,臺北市萬華區富福里康定路382號,02-23020481,TM2
Point (302143.80900000035762787 2771129.07200000062584877),A0000002544,9960101,,臺鐵臺北車站,臺鐵臺北站,202001,臺北市中正區黎明里北平西路3號,02-23713558,TM2
Point (308357.90699999965727329 2771347.88199999928474426),A0000012887,9960101,,臺鐵松山車站,臺鐵松山站,202001,臺北市信義區永吉里松山路11號B1,02-27673819,TM2
Point (311252.07299999985843897 2771829.85300000011920929),A0000003480,9960101,,臺鐵南港車站,臺鐵南港站,201311,臺北市南港區南港里南港路一段313號,02-27838645,TM2
Point (227080.32799999974668026 2701626.73100000061094761),K0000000167,9960101,,臺鐵三義車站,臺鐵三義站,202109,苗栗縣三義鄉雙湖村雙湖90號,037-874763,TM2
Point (214656.79700000025331974 2704171.03600000031292439),K0000003046,9960101,,臺鐵苑裡車站,臺鐵苑裡站,201908,苗栗縣苑裡鎮苑北里中山路165號,037-851013,TM2
Point (228328.5400000000372529 2708909.06000000052154064),K0000000385,9960101,,臺鐵銅鑼車站,臺鐵銅鑼站,201905,苗栗縣銅鑼鄉銅鑼村大同路13號,037-983838,TM2
Point (217407.04700000025331974 2709485.17100000008940697),K0000000445,9960101,,臺鐵通霄車站,臺鐵通霄站,201908,苗栗縣通霄鎮通西里中正路109號,037-758300,TM2
Point (228874.54499999992549419 2712907.17200000025331974),K0000000560,9960101,,臺鐵南勢車站,臺鐵南勢站,201908,苗栗縣苗栗市新英里南勢39號,037-260031,TM2
Point (219120.71899999957531691 2714881.34400000050663948),K0000000653,9960101,,臺鐵新埔車站,臺鐵新埔站,201908,苗栗縣通霄鎮新埔里新埔57號,037-793066,TM2
Point (220441.77799999993294477 2717609.65499999932944775),K0000000928,9960101,,臺鐵白沙屯車站,臺鐵白沙屯站,201908,苗栗縣通霄鎮白西里白西131號,037-793066,TM2
Point (232013.70600000023841858 2718161.14200000092387199),K0000000990,9960101,,臺鐵苗栗車站,臺鐵苗栗站,201908,苗栗縣苗栗市上苗里為公路1號,037-260031,TM2
Point (232416.35699999984353781 2721957.79499999992549419),K0000003407,9960101,,臺鐵豐富車站,臺鐵豐富站,202109,苗栗縣後龍鎮校椅里高鐵一路66號,037-726700,TM2
Point (225514.64499999955296516 2722788.20700000040233135),K0000001269,9960101,,臺鐵龍港車站,臺鐵龍港站,201905,苗栗縣後龍鎮龍京里公司寮85號,037-728616,TM2
Point (228442.74199999962002039 2723267.43099999986588955),K0000001323,9960101,,臺鐵後龍車站,臺鐵後龍站,201905,苗栗縣後龍鎮北龍里車站街127之2號,037-728616,TM2
Point (236561.22800000011920929 2726119.90300000086426735),K0000001422,9960101,,臺鐵造橋車站,臺鐵造橋站,202109,苗栗縣造橋鄉造橋村平仁路54號,037-472030,TM2
Point (230136.91000000014901161 2726546.93999999947845936),K0000001437,9960101,,臺鐵大山車站,臺鐵大山站,202001,苗栗縣後龍鎮大山里明山路180號,037-728616,TM2
Point (235677.21999999973922968 2727744.33999999985098839),K0000003491,9960101,,臺鐵談文車站,臺鐵談文站,202109,苗栗縣造橋鄉談文村仁愛路29號,037-472030,TM2
Point (237899.05700000002980232 2731062.72100000083446503),K0000001703,9960101,,臺鐵竹南車站,臺鐵竹南站,201905,苗栗縣竹南鎮竹南里中山路166號,037-472030,TM2
Point (237026.83700000029057264 2735101.78999999910593033),K0000003651,9960101,,臺鐵崎頂車站,臺鐵崎頂站,202001,苗栗縣竹南鎮崎頂里北戶55號,037-472030,TM2
Point (196032.86000000033527613 2615202.40799999982118607),P0000000401,9960101,,臺鐵石龜車站,臺鐵石龜站,202212,雲林縣斗南鎮石溪里,05-5972039,TM2
Point (197023.20399999991059303 2618862.83699999935925007),P0000004708,9960101,,臺鐵斗南車站,臺鐵斗南站,202012,雲林縣斗南鎮南昌里中山路2號,05-5972039,TM2
Point (203219.50800000037997961 2623166.18999999947845936),P0000001072,9960101,,臺鐵斗六車站,臺鐵斗六站,202003,雲林縣斗六市信義里民生路187號,0931 041 917,TM2
Point (207180.48900000005960464 2625368.06499999947845936),P0000001176,9960101,,臺鐵石榴車站,臺鐵石榴站,201810,雲林縣斗六市榴北里文明路26號,05-5332900,TM2
Point (210754.47599999979138374 2628465.60300000011920929),P0000000093,9960101,,臺鐵林內車站,臺鐵林內站,201810,雲林縣林內鄉中山路42號,05-5892040,TM2
Point (223795.56899999963934533 2691719.5193000016734004),B0000000171,9960101,,臺鐵泰安車站,臺鐵泰安站,202312,臺中市后里區安眉路37-12號,04-25562038,TM2
Point (211624.29969999997410923 2667112.11370000103488564),B0000001360,9960101,,臺鐵烏日車站,臺鐵烏日站,201310,臺中市烏日區三民街258號,04-23381071,TM2
Point (210790.50210000047809444 2667233.37529999949038029),B0000006988,9960101,,臺鐵新烏日車站,臺鐵新烏日站,201710,臺中市烏日區高鐵東一路26號,04-23376883,TM2
Point (208340.51210000045830384 2667741.03449999820441008),B0000000923,9960101,,臺鐵成功車站,臺鐵成功站,201310,臺中市烏日區中山路三段550號,04-23371986,TM2
Point (214292.95270000054733828 2668285.24690000060945749),B0000006989,9960101,,臺鐵大慶車站,臺鐵大慶站,201710,臺中市南區大慶街二段130號,04-22637940,TM2
Point (206310.4438999998383224 2668439.33170000044628978),B0000000702,9960101,9940301,臺鐵追分車站,臺鐵追分站,201310,臺中市大肚區追分街13號,04-26933106,TM2
Point (216121.8855000002658926 2669322.18710000067949295),B0000006368,9960101,,臺鐵五權車站,臺鐵五權站,201809,臺中市南區建國南路二段201號,04-22601636,TM2
Point (218179.00790000049164519 2670240.21570000099018216),B0000009226,9960101,,臺鐵臺中車站,臺鐵臺中站,201709,臺中市中區臺灣大道一段1號,04-22216492,TM2
Point (219294.5930999992415309 2671589.27589999977499247),B0000006369,9960101,,臺鐵精武車站,臺鐵精武站,201809,臺中市東區東光路161號,04-2360650,TM2
Point (203506.79090000066207722 2672165.03149999957531691),B0000000408,9960101,,臺鐵大肚車站,臺鐵大肚站,201310,臺中市大肚區平和街121號,04-26992523,TM2
Point (219511.16089999978430569 2673260.25730000017210841),B0000006987,9960101,,臺鐵太原車站,臺鐵太原站,201710,臺中市北屯區東光路665號,04-22313926,TM2
Point (219728.11649999982910231 2675000.73530000168830156),B0000006990,9960101,,臺鐵松竹車站,臺鐵松竹站,201809,臺中市北屯區松竹路一段1473巷100號,04-22473033,TM2
Point (219933.96990000049117953 2676703.03970000054687262),B0000006372,9960101,,臺鐵頭家厝車站,臺鐵頭家厝站,201809,臺中市潭子區頭張東路43巷8號,04-25391426,TM2
Point (203610.5464999993564561 2676969.00530000030994415),B0000000419,9960101,,臺鐵龍井車站,臺鐵龍井站,201310,臺中市龍井區龍新路1號,04-26355578,TM2
Point (220121.18190000011236407 2678592.94210000056773424),B0000004956,9960101,,臺鐵潭子車站,臺鐵潭子站,201308,臺中市潭子區中山路二段352-1號,04-25363852,TM2
Point (220615.23969999968539923 2681033.1176999993622303),B0000006991,9960101,,臺鐵栗林車站,臺鐵栗林站,201911,臺中市潭子區潭豐路二段747號,04-25391401,TM2
Point (205070.56489999900804833 2681360.29939999943599105),B0000000540,9960101,,臺鐵沙鹿車站,臺鐵沙鹿站,201308,臺中市沙鹿區中正街94號,04-26625057,TM2
Point (221925.88929999928222969 2683206.23750000074505806),B0000011964,9960101,,臺鐵豐原車站,臺鐵豐原站,201911,臺中市豐原區中正路1-1號,04-25207950,TM2
Point (206253.74519999872427434 2684291.7923000012524426),B0000000694,9960101,,臺鐵清水車站,臺鐵清水站,201308,臺中市清水區中正街115號,04-26222021,TM2
Point (209644.17530000070109963 2688829.11029999982565641),B0000001024,9960101,,臺鐵臺中港車站,臺鐵臺中港站,201310,臺中市清水區甲南路2號,04-26225374,TM2
Point (222909.43549999935203232 2689302.09590000007301569),B0000005800,9960101,,臺鐵后里車站,臺鐵后里站,201308,臺中市后里區甲后路一段1號,04-25562038,TM2
Point (212159.3188000004447531 2693216.32399999862536788),B0000001512,9960101,,臺鐵大甲車站,臺鐵大甲站,201308,臺中市大甲區中山路一段828號,04-26872022,TM2
Point (214915.98959999982616864 2696937.83320000022649765),B0000009227,9960101,9940301,臺鐵日南車站,臺鐵日南站,201712,臺中市大甲區中山路二段140巷8號,04-26816113,TM2
Point (184623.22950000019045547 2584976.08390000136569142),D0000002733,9960101,9940113,臺鐵後壁車站,臺鐵後壁站,202009,臺南市後壁區後壁里後壁77號,06-6872055,TM2
Point (180774.25049999915063381 2578421.75110000092536211),D0000002364,9960101,,臺鐵新營車站,臺鐵新營站,201410,臺南市新營區中山路1號,06-6322104,TM2
Point (180696.54310000053374097 2575175.75770000088959932),D0000002178,9960101,,臺鐵柳營車站,臺鐵柳營站,201410,臺南市柳營區建國路1號,06-6226450,TM2
Point (173341.22809999997843988 2533905.82349999900907278),D0000004394,9960101,,臺鐵中洲車站,臺鐵中洲站,201208,臺南市仁德區中洲路298-1號,06-2667191,TM2
Point (175343.09529999981168658 2534186.61050000041723251),D0000004551,9960101,,臺鐵長榮大學車站,臺鐵長榮大學站,201208,臺南市歸仁區長榮路一段200巷72弄126號,06-2782615,TM2
Point (172091.60809999890625477 2536020.80749999964609742),D0000004256,9960101,,臺鐵仁德車站,臺鐵仁德站,201410,臺南市仁德區永德路10號,06-2669383,TM2
Point (176782.73230000006151386 2536045.34009999874979258),D0000006610,9960101,,臺鐵沙崙車站,臺鐵沙崙站,201705,臺南市歸仁區沙崙里歸仁大道102號,06-3032686,TM2
Point (171191.95569999876897782 2537067.45849999925121665),D0000004977,9960101,9940301,臺鐵保安車站,臺鐵保安站,202009,臺南市仁德區文賢路一段529巷10號,06-2665988,TM2
Point (169360.49890000076266006 2544102.01769999926909804),D0000011113,9960101,,臺鐵臺南車站(臨時後站),臺鐵臺南站(臨時後站),202209,,,TM2
Point (169267.35029999975813553 2544188.20630000019446015),D0000008463,9960101,9940301,臺鐵臺南車站,臺鐵臺南站,202102,臺南市東區北門路二段4號,06-2261314,TM2
Point (170491.40950000105658546 2546622.04109999816864729),D0000003961,9960101,,臺鐵大橋車站,臺鐵大橋站,201208,臺南市永康區中華路835號,06-3021755,TM2
Point (173492.04889999935403466 2548719.82349999947473407),D0000006963,9960101,,臺鐵永康車站,臺鐵永康站,201705,臺南市永康區中山路459號,06-2323305,TM2
Point (177249.78010000014910474 2552006.72450000047683716),D0000011947,9960101,,臺鐵新市車站,臺鐵新市站,202209,臺南市新市區中華路1號,06-5996911,TM2
Point (178500.93929999967804179 2556336.92890000063925982),D0000001151,9960101,,臺鐵南科車站,臺鐵南科站,201208,臺南市新市區大營里大營287-300號,06-5896356,TM2
Point (178968.67690000054426491 2559218.43709999974817038),D0000001386,9960101,,臺鐵善化車站,臺鐵善化站,201703,臺南市善化區中山路1號,06-5837301,TM2
Point (180520.47449999878881499 2563558.76629999931901693),D0000001606,9960101,,臺鐵拔林車站,臺鐵拔林站,201208,臺南市官田區拔林里拔子林83之1號,06-5791664,TM2
Point (180316.83149999953457154 2565772.74019999941810966),D0000001784,9960101,,臺鐵隆田車站,臺鐵隆田站,201208,臺南市官田區中山路一段1號,06-5791664,TM2
Point (180518.74239999958081171 2571309.09450000058859587),D0000002066,9960101,9940113,臺鐵林鳳營車站,臺鐵林鳳營站,202009,臺南市六甲區中社里林鳳營16號,,TM2
Point (178134.60369999910471961 2521445.58589999936521053),E0000014572,9960101,,臺鐵岡山車站,臺鐵岡山站,202411,高雄市岡山區岡燕路111號,07-6212074,TM2
Point (183916.76039999912609346 2503618.72440000111237168),E0000014540,9960101,,臺鐵鳳山車站,臺鐵鳳山站,202407,高雄市鳳山區曹公路70號,07-7460423,TM2
Point (182384.77589999933843501 2503937.29010000079870224),E0000009068,9960101,,臺鐵正義車站,臺鐵正義站,201808,高雄市苓雅區正義路308號B1,07-7460423,TM2
Point (180726.79770000092685223 2504257.17109999945387244),E0000009067,9960101,,臺鐵科工館車站,臺鐵科工館站,201808,高雄市三民區大順三路307號,07-2371507,TM2
Point (179575.1508999991347082 2504448.18950000032782555),E0000009069,9960101,,臺鐵民族車站,臺鐵民族站,201808,高雄市三民區凱旋一路260號,07-2371507,TM2
Point (177450.41690000033122487 2504517.47609999915584922),E0000009066,9960101,,臺鐵三塊厝車站,臺鐵三塊厝站,201808,高雄市三民區康平街1號,07-2371507,TM2
Point (178254.47969999990891665 2504545.74890000047162175),E0000011392,9960101,,臺鐵高雄車站,臺鐵高雄站,202103,高雄市三民區建國二路320號,07-2352376,TM2
Point (187434.86689999929512851 2504568.95109999971464276),E0000006034,9960101,,臺鐵後庄車站,臺鐵後庄站,201710,高雄市大寮區民慶街9號,07-7020149,TM2
Point (176065.72230000060517341 2504798.9632999999448657),E0000009063,9960101,,臺鐵鼓山車站,臺鐵鼓山站,201808,高雄市鼓山區鐵路街20巷6號B1,07-2371507,TM2
Point (176154.29269999978714623 2505947.35410000057891011),E0000009064,9960101,,臺鐵美術館車站,臺鐵美術館站,201808,高雄市鼓山區翠華路246號B1,07-2371507,TM2
Point (176728.95310000056633726 2507460.35029999865218997),E0000009065,9960101,,臺鐵內惟車站,臺鐵內惟站,201808,高雄市鼓山區翠華路500號B1,07-5887825,TM2
Point (177458.68189999967580661 2508411.0821000006981194),E0000009062,9960101,,臺鐵左營(舊城)車站,臺鐵左營(舊城)站,201808,高雄市鼓山區翠華路1050號B1,07-5887825,TM2
Point (178773.23290000125416555 2509850.2708999989554286),E0000000235,9960101,,臺鐵新左營站,臺鐵新左營站,201711,高雄市左營區站前北路1號,07-5887825,TM2
Point (180582.52649999910499901 2514217.00249999901279807),E0000000649,9960101,,臺鐵楠梓車站,臺鐵楠梓站,201208,高雄市楠梓區建楠路229號,07-3510175,TM2
Point (179151.52550000039627776 2518000.10769999958574772),E0000000963,9960101,,臺鐵橋頭車站,臺鐵橋頭站,201208,高雄市橋頭區站前街14號,07-6115424,TM2
Point (174702.80289999948581681 2528303.42250000033527613),E0000001408,9960101,,臺鐵路竹車站,臺鐵路竹站,201208,高雄市路竹區中正路288號,07-6072723,TM2
Point (173455.48390000022482127 2530989.54189999867230654),E0000001565,9960101,,臺鐵大湖車站,臺鐵大湖站,201208,高雄市路竹區天祐路24號,07-6932127,TM2
Point (190492.3092999994114507 2506353.04579999996349216),E0000003815,9960101,,臺鐵九曲堂車站,臺鐵九曲堂站,202401,高雄市大樹區久堂路鐵路巷15號,07-6512020,TM2
Point (192917.81409999969764613 2597447.29149999981746078),I0000001671,9960101,9940301,臺鐵嘉義車站,臺鐵嘉義站,202412,嘉義市西區中山路528號,05-2228904,TM2
Point (194296.30550000080256723 2598387.7786999992094934),I0000000551,9960101,,阿里山林業鐵路北門車站,阿里山林鐵北門站,201906,嘉義市東區共和路428號,05-2768094,TM2
Point (193656.72250000038184226 2599733.7786999992094934),I0000000638,9960101,,臺鐵嘉北車站,臺鐵嘉北站,202009,嘉義市東區保建街110號,05-2334584,TM2
Point (187310.3256999995210208 2590194.75769999902695417),Q0000000236,9960101,,臺鐵南靖車站,臺鐵南靖站,202411,嘉義縣水上鄉三鎮路26號,05-2601232,TM2
Point (228582.15090000035706908 2600656.28779999865218997),Q0000001630,9960101,,阿里山林業鐵路二萬平車站,阿里山林鐵二萬平站,202412,,,TM2
Point (188662.77770000114105642 2592469.03730000089854002),Q0000002257,9960101,,臺鐵水上車站,臺鐵水上站,201702,嘉義縣水上鄉下寮村鴿溪寮49號,05-2228904,TM2
Point (194466.84769999934360385 2610952.36170000024139881),Q0000001923,9960101,,臺鐵大林站,臺鐵大林站,201604,嘉義縣大林鎮中山路2號,05-2654804,TM2
Point (191951.50629999919328839 2605865.74070000136271119),Q0000001147,9960101,,臺鐵民雄車站,臺鐵民雄站,201410,嘉義縣民雄鄉和平路2號,05-2264272,TM2
Point (204415.08750000124564394 2602580.11350000044330955),Q0000001023,9960101,9940301,阿里山林業鐵路竹崎車站,阿里山林鐵竹崎站,201906,嘉義縣竹崎鄉竹崎村舊車站11號,05-2611275,TM2
Point (206813.06370000034803525 2603852.80629999982193112),Q0000004496,9960101,,阿里山林業鐵路木屐寮車站,阿里山林鐵木屐寮車站,202209,,,TM2
Point (209414.88870000053429976 2603349.84769999980926514),Q0000001054,9960101,,阿里山林業鐵路樟腦寮車站,阿里山林鐵樟腦寮站,201906,,,TM2
Point (209924.1150999998790212 2603977.28830000059679151),Q0000001073,9960101,,阿里山林業鐵路獨立山車站,阿里山林鐵獨立山站,201906,,,TM2
Point (211208.41969999991124496 2604392.52850000094622374),Q0000001080,9960101,,阿里山林業鐵路梨園寮車站,阿里山林鐵梨園寮站,201906,,,TM2
Point (213633.62330000038491562 2603196.57290000002831221),Q0000001047,9960101,,阿里山林業鐵路交力坪車站,阿里山林鐵交力坪站,201906,嘉義縣竹崎鄉仁壽村交力坪63號,05-2501504,TM2
Point (202155.76570000016363338 2600194.69310000073164701),Q0000004483,9960101,,阿里山林業鐵路鹿麻產車站,阿里山林鐵鹿麻產車站,202209,嘉義縣竹崎鄉鹿滿村下溪心61-3號,,TM2
Point (224908.04440000024624169 2598831.79169999994337559),Q0000001623,9960101,,阿里山林業鐵路十字路車站,阿里山林鐵十字路站,201906,,,TM2
Point (222510.15919999888865277 2599461.772299999371171),Q0000001597,9960101,,阿里山林業鐵路多林車站,阿里山林鐵多林站,201906,嘉義縣阿里山鄉哆囉嘕106號,,TM2
Point (215232.86520000052405521 2600178.39149999991059303),Q0000002368,9960101,,阿里山林業鐵路水社寮車站,阿里山林鐵水社寮車站,201906,,,TM2
Point (218867.05799999978626147 2600276.71099999826401472),Q0000002380,9960101,,阿里山林業鐵路奮起湖車站,阿里山林鐵奮起湖站,201906,嘉義縣竹崎鄉中和村奮起湖168號之1,05-2561007,TM2
Point (230000.02870000008260831 2600779.11969999969005585),Q0000001651,9960101,9940301,阿里山林業鐵路阿里山車站,阿里山林鐵阿里山站,202209,嘉義縣阿里山鄉中正村阿里山1號,05-2679200,TM2
Point (231936.22059999941848218 2600791.96929999953135848),Q0000004704,9960101,,阿里山林業鐵路祝山車站,阿里山林鐵祝山站,202312,嘉義縣阿里山鄉中正村東阿里山99號,05-2679685,TM2
Point (227570.42860000027576461 2600884.81990000000223517),Q0000001627,9960101,,阿里山林業鐵路屏遮那車站(興建中),阿里山林鐵屏遮那站(興建中),201906,,,TM2
Point (230989.35689999992609955 2601266.696599998511374),Q0000002437,9960101,,阿里山林業鐵路沼平車站,阿里山林鐵沼平站,201906,嘉義縣阿里山鄉中正村東阿里山99號,05-2679685,TM2
Point (230217.04200000074342825 2601780.78619999950751662),Q0000001660,9960101,,阿里山林業鐵路神木車站,阿里山林鐵神木站,201906,,,TM2
Point (200076.80989999897428788 2490436.63670000061392784),T0000002647,9960101,,臺鐵崁頂車站,臺鐵崁頂站,201710,屏東縣崁頂鄉中正路122號,08-7882739,TM2
Point (202310.52890000026673079 2494537.26270000077784061),T0000002648,9960101,,臺鐵潮州車站,臺鐵潮州站,201911,屏東縣潮州鎮信義路111號,08-7882739,TM2
Point (202694.47989999910350889 2498564.67149999924004078),T0000001430,9960101,,臺鐵竹田車站,臺鐵竹田站,201009,屏東縣竹田鄉豐明路27-1號,08-7711002,TM2
Point (201315.31969999941065907 2501875.94109999947249889),T0000002651,9960101,,臺鐵西勢車站,臺鐵西勢站,201710,屏東縣竹田鄉西豐路2號,08-7784521,TM2
Point (200063.18369999906281009 2503958.95209999848157167),T0000001258,9960101,,臺鐵麟洛車站,臺鐵麟洛站,201009,屏東縣麟洛鄉中華路站前巷15號,08-7515140,TM2
Point (205970.46470000129193068 2477791.49589999997988343),T0000000124,9960101,,臺鐵東海車站,臺鐵東海站,201412,屏東縣枋寮鄉西安路92號,08-8782041,TM2
Point (203437.26570000022184104 2479472.12809999985620379),T0000002643,9960101,,臺鐵佳冬車站,臺鐵佳冬站,201710,屏東縣佳冬鄉復興路21號,08-8662939,TM2
Point (200096.33369999960996211 2481391.75349999964237213),T0000002644,9960101,,臺鐵林邊車站,臺鐵林邊站,201710,屏東縣林邊鄉仁愛路33號,08-8751475,TM2
Point (199696.19950000068638474 2484342.52830000128597021),T0000002645,9960101,,臺鐵鎮安車站,臺鐵鎮安站,201710,屏東縣林邊鄉永和路4號,08-8642942,TM2
Point (199767.67110000067623332 2488117.41290000034496188),T0000002646,9960101,,臺鐵南州車站,臺鐵南州站,201710,屏東縣南州鄉仁里路86號,08-8642942,TM2
Point (198918.69630000073811971 2505870.2566999988630414),T0000002649,9960101,,臺鐵歸來車站,臺鐵歸來站,201710,屏東縣屏東市歸仁路1-2號,08-7515140,TM2
Point (197202.89750000083586201 2507709.82430000090971589),T0000002657,9960101,,臺鐵屏東車站,臺鐵屏東站,201710,屏東縣屏東市公勇路62號,08-7515140,TM2
Point (195018.71789999934844673 2507392.15369999967515469),T0000002650,9960101,,臺鐵六塊厝車站,臺鐵六塊厝站,201710,屏東縣屏東市光復路392號,08-7515140,TM2
Point (208301.63770000083604828 2474368.13529999926686287),T0000000091,9960101,,臺鐵枋寮車站,臺鐵枋寮站,201009,屏東縣枋寮鄉儲運路18號,08-8782041,TM2
Point (211332.55670000019017607 2470248.70769999967887998),T0000000049,9960101,,臺鐵加祿車站,臺鐵加祿站,201412,屏東縣枋山鄉加祿村會社53號,08-8720791,TM2
Point (213255.66050000046379864 2467498.18210000079125166),T0000000043,9960101,,臺鐵內獅車站,臺鐵內獅站,201412,屏東縣枋山鄉南和路43號,08-8720791,TM2
Point (220858.07849999913014472 2464674.43949999986216426),T0000001975,9960101,,臺鐵枋野車站,臺鐵枋野站,201009,屏東縣獅子鄉內獅巷88號,08-8761953,TM2
Point (214921.19410000072093681 2463169.55430000089108944),T0000000036,9960101,,臺鐵枋山車站,臺鐵枋山站,201009,屏東縣獅子鄉內獅巷88號,08-8761953,TM2
Point (281876.69300000095972791 2581035.12340000085532665),U0000000083,9960101,,臺鐵玉里車站,臺鐵玉里站,201107,花蓮縣玉里鎮康樂街39號,03-8882020,TM2
Point (281123.39050000061979517 2574475.08999999891966581),U0000000047,9960101,,臺鐵東里車站,臺鐵東里站,201107,花蓮縣富里鄉大莊路15-6號,03-8861005,TM2
Point (278495.86389999923994765 2569338.54410000052303076),U0000000032,9960101,,臺鐵東竹車站,臺鐵東竹站,201107,花蓮縣富里鄉新興村新興26號,03-8821504,TM2
Point (275451.12890000076731667 2564138.69210000056773424),U0000000018,9960101,,臺鐵富里車站,臺鐵富里站,202012,花蓮縣富里鄉車站街56號,03-8831771,TM2
Point (285293.93870000098831952 2591334.67770000081509352),U0000000162,9960101,,臺鐵三民車站,臺鐵三民站,202012,花蓮縣玉里鎮三民里三民10號,03-8841847,TM2
Point (288480.15710000088438392 2599410.55749999964609742),U0000000223,9960101,,臺鐵瑞穗車站,臺鐵瑞穗站,201107,花蓮縣瑞穗鄉四維街13號,03-8875039,TM2
Point (288799.18550000007962808 2608596.26429999945685267),U0000000574,9960101,,臺鐵富源車站,臺鐵富源站,201504,花蓮縣瑞穗鄉富源路2號,03-8811824,TM2
Point (289758.35790000093402341 2611406.21549999993294477),U0000000829,9960101,,臺鐵大富車站,臺鐵大富站,202012,花蓮縣光復鄉明德路1號,03-8811824,TM2
Point (292959.73669999954290688 2618134.6051000002771616),U0000000573,9960101,,臺鐵光復車站,臺鐵光復站,201504,花蓮縣光復鄉中正路一段2-1號,03-8704143,TM2
Point (292733.68330000003334135 2623198.14409999875351787),U0000000877,9960101,,臺鐵萬榮車站,臺鐵萬榮車站,201504,花蓮縣鳳林鎮長德街17號,03-8752175,TM2
Point (295564.23410000110743567 2627004.24149999907240272),U0000000909,9960101,,臺鐵鳳林車站,臺鐵鳳林站,202111,花蓮縣鳳林鎮中山路43號,03-8762004,TM2
Point (296698.40270000067539513 2630986.83589999936521053),U0000000572,9960101,,臺鐵南平車站,臺鐵南平站,202111,花蓮縣鳳林鎮自強路233號,03-8771597,TM2
Point (297098.4138000012608245 2633226.70529999863356352),U0000003685,9960101,,臺鐵林榮新光車站,臺鐵林榮新光站,202309,花蓮縣鳳林鎮兆豐路800號,03-8772677,TM2
Point (300542.96890000009443611 2638327.16469999961555004),U0000000951,9960101,,臺鐵豐田車站,臺鐵豐田站,202110,花蓮縣壽豐鄉站前街36號,03-8654251,TM2
Point (302043.28870000026654452 2640649.60889999940991402),U0000003721,9960101,,臺鐵壽豐車站,臺鐵壽豐站,202110,花蓮縣壽豐鄉壽山路1號,03-8653706,TM2
Point (302999.93690000078640878 2642135.62230000086128712),U0000000972,9960101,,臺鐵平和車站,臺鐵平和站,202110,花蓮縣壽豐鄉平和路1號,03-8653706,TM2
Point (303903.59810000064317137 2644884.97770000109449029),U0000000984,9960101,,臺鐵志學車站,臺鐵志學站,202110,花蓮縣壽豐鄉中正路1號,03-8662966,TM2
Point (309289.01630000089062378 2651618.71790000097826123),U0000003617,9960101,,臺鐵吉安車站,臺鐵吉安站,202110,花蓮縣吉安鄉南昌街200號,03-8539423,TM2
Point (311234.75350000022444874 2654378.26429999945685267),U0000003771,9960101,,臺鐵花蓮車站,臺鐵花蓮站,202110,花蓮縣花蓮市國聯一路100號,03-8355941,TM2
Point (314686.79049999971175566 2654505.75649999966844916),U0000003376,9960101,,臺鐵花蓮港車站,臺鐵花蓮港站,202110,花蓮縣花蓮市港口路2號,03-8222468,TM2
Point (311196.75349999888567254 2658751.30649999994784594),U0000000751,9960101,,臺鐵北埔車站,臺鐵北埔站,201504,花蓮縣新城鄉自強街113號,03-8263809,TM2
Point (312113.71910000068601221 2665168.62609999906271696),U0000000570,9960101,,臺鐵景美車站,臺鐵景美站,201504,花蓮縣秀林鄉加灣178-1號,03-8611237,TM2
Point (315123.32449999958043918 2669297.46469999989494681),U0000001442,9960101,,臺鐵新城(太魯閣)車站,臺鐵新城(太魯閣)站,202110,花蓮縣新城鄉新興一路73號,03-8611237,TM2
Point (316593.47190000105183572 2674223.99029999971389771),U0000001603,9960101,,臺鐵崇德車站,臺鐵崇德站,202201,花蓮縣秀林鄉海濱路96號,03-8621365,TM2
Point (322288.52369999949587509 2682027.26369999907910824),U0000001604,9960101,,臺鐵和仁車站,臺鐵和仁站,202201,花蓮縣秀林鄉和仁路71號,03-8681221,TM2
Point (326468.98629999934928492 2688264.24570000031962991),U0000001593,9960101,,臺鐵和平車站,臺鐵和平站,202201,花蓮縣秀林鄉和平村276號,03-8681009,TM2
Point (265980.07070000062230974 2542082.79280000040307641),V0000000330,9960101,,臺鐵瑞和車站,臺鐵瑞和站,201503,臺東縣鹿野鄉瑞景路三段1-1號,089-580159,TM2
Point (266305.25250000139931217 2539430.0066999988630414),V0000000196,9960101,,臺鐵瑞源車站,臺鐵瑞源站,201412,臺東縣鹿野鄉瑞景路一段336巷8-1號,089-580159,TM2
Point (264051.47350000124424696 2534596.79010000079870224),V0000000399,9960101,,臺鐵鹿野車站,臺鐵鹿野站,201006,臺東縣鹿野鄉中正路38號,089-550217,TM2
Point (264142.2214999997522682 2528998.73970000026747584),V0000000832,9960101,9940113,臺鐵山里車站,臺鐵山里站,202012,臺東縣卑南鄉山里路108號,089-572370,TM2
Point (262643.32049999939044937 2521447.10050000110641122),V0000000820,9960101,,臺鐵臺東車站,臺鐵臺東站,201006,臺東縣臺東市岩灣路101巷598號,089-229687,TM2
Point (272507.3037000002223067 2558287.83730000117793679),V0000001272,9960101,,臺鐵池上車站,臺鐵池上站,202012,臺東縣池上鄉鐵花路30號,089-862097,TM2
Point (268110.33100000047124922 2555691.30660000117495656),V0000000261,9960101,,臺鐵海端車站,臺鐵海端站,201006,臺東縣關山鎮德高里西莊49號,089-811033,TM2
Point (266842.00349999906029552 2549348.98429999966174364),V0000000231,9960101,,臺鐵關山車站,臺鐵關山站,201412,臺東縣關山鎮博愛路2號,089-811033,TM2
Point (239786.61809999917750247 2473994.43930000020191073),V0000001096,9960101,,臺鐵大武車站,臺鐵大武站,201006,臺東縣大武鄉大鳥村和平部落33號,089-792056,TM2
Point (244009.05630000052042305 2484596.8629000005312264),V0000001134,9960101,,臺鐵瀧溪車站,臺鐵瀧溪站,201006,臺東縣太麻里鄉多良村大溪37號,089-761482,TM2
Point (246632.43410000001313165 2492410.38729999912902713),V0000001168,9960101,,臺鐵金崙車站,臺鐵金崙站,201006,臺東縣太麻里鄉金崙村金崙47-17號,089-771068,TM2
Point (250510.86790000094333664 2502077.40049999859184027),V0000001209,9960101,,臺鐵太麻里車站,台鐵太麻里站,202010,臺東縣太麻里鄉站前路2號,089-781544,TM2
Point (256236.75210000056540594 2512196.18750000093132257),V0000000411,9960101,,臺鐵知本車站,臺鐵知本站,201006,臺東縣臺東市知本路二段900巷85號,089-514482,TM2
Point (259602.84989999938989058 2518183.17549999943003058),V0000000372,9960101,,臺鐵康樂車站,臺鐵康樂站,201006,臺東縣臺東市博物館路51巷131號,089-383107,TM2
